CREATE USER 'diet_user'@'localhost' IDENTIFIED BY 'your_password';
Grant SELECT, INSERT, UPDATE, DELETE on inzynierka.* to 'diet_user'@'localhost';

insert into Macronutrients(id, calories, fats, carbohydrates, proteins, glycemic_index, amount) values(1, 500, 12.5, 20, 10, 1, 100);
insert into Macronutrients(id, calories, fats, carbohydrates, proteins, glycemic_index, amount) values(2, 800, 20, 30, 40, 1.5, 100);
insert into Macronutrients(id, calories, fats, carbohydrates, proteins, glycemic_index, amount) values(3, 400, 8, 30, 40, 2.5, 100);
insert into Macronutrients(id, calories, fats, carbohydrates, proteins, glycemic_index, amount) values(4, 550, 9, 30, 40, 3.5, 100);
insert into Macronutrients(id, calories, fats, carbohydrates, proteins, glycemic_index, amount) values(5, 700, 10, 30, 40, 4.5, 100);
insert into Macronutrients(id, calories, fats, carbohydrates, proteins, glycemic_index, amount) values(6, 450, 8, 30, 40, 4.5, 100);
insert into Macronutrients(id, calories, fats, carbohydrates, proteins, glycemic_index, amount) values(7, 280, 4, 30, 40, 1.5, 100);
insert into Macronutrients(id, calories, fats, carbohydrates, proteins, glycemic_index, amount) values(8, 860, 21, 30, 40, 1.5, 100);
insert into Macronutrients(id, calories, fats, carbohydrates, proteins, glycemic_index, amount) values(9, 300, 5, 30, 40, 1.5, 100);

insert into Dishes(id, name, description, meal_time, macronutrients_id) values(1, "Jakieś śniadanie", "opis tego śniadania", "Breakfast", 1);
insert into Dishes(id, name, description, meal_time, macronutrients_id) values(2, "Jakieś śniadanie 2", "opis tego 2. śniadania", "Breakfast", 4);
insert into Dishes(id, name, description, meal_time, macronutrients_id) values(3, "Jakieś śniadanie 3", "opis tego 3. śniadania", "Breakfast", 6);
insert into Dishes(id, name, description, meal_time, macronutrients_id) values(4, "Jakiś obiad", "opis obiadu", "Dinner", 2);
insert into Dishes(id, name, description, meal_time, macronutrients_id) values(5, "Jakiś obiad 2", "opis 2. obiadu", "Dinner", 8);
insert into Dishes(id, name, description, meal_time, macronutrients_id) values(6, "Jakiś obiad 3", "opis 3. obiadu", "Dinner", 5);
insert into Dishes(id, name, description, meal_time, macronutrients_id) values(7, "Jakaś kolacja", "opis kolacji", "Supper", 9);
insert into Dishes(id, name, description, meal_time, macronutrients_id) values(8, "Jakaś kolacja 2", "opis 2. kolacji", "Supper", 7);
insert into Dishes(id, name, description, meal_time, macronutrients_id) values(9, "Jakaś  kolacja 3", "opis 3. kolacji", "Supper", 3);
insert into Dishes(id, name, description, meal_time, macronutrients_id) values(10, "Jakieś śniadanie 4", "opis tego śniadania", "Breakfast", 1);
insert into Dishes(id, name, description, meal_time, macronutrients_id) values(11, "Jakieś śniadanie 5", "opis tego 2. śniadania", "Breakfast", 4);
insert into Dishes(id, name, description, meal_time, macronutrients_id) values(12, "Jakieś śniadanie 6", "opis tego śniadania", "Breakfast", 1);
insert into Dishes(id, name, description, meal_time, macronutrients_id) values(13, "Jakieś śniadanie 7", "opis tego 3. śniadania", "Breakfast", 6);
insert into Dishes(id, name, description, meal_time, macronutrients_id) values(14, "Jakiś obiad 6", "opis obiadu", "Dinner", 2);
insert into Dishes(id, name, description, meal_time, macronutrients_id) values(15, "Jakiś obiad 7", "opis 2. obiadu", "Dinner", 8);
insert into Dishes(id, name, description, meal_time, macronutrients_id) values(16, "Jakiś obiad 8", "opis 3. obiadu", "Dinner", 5);
insert into Dishes(id, name, description, meal_time, macronutrients_id) values(17, "Jakaś kolacja 8", "opis kolacji", "Supper", 9);
insert into Dishes(id, name, description, meal_time, macronutrients_id) values(18, "Jakaś kolacja 9", "opis 2. kolacji", "Supper", 7);
insert into Dishes(id, name, description, meal_time, macronutrients_id) values(19, "Jakaś  kolacja 13", "opis 3. kolacji", "Supper", 3);
insert into Dishes(id, name, description, meal_time, macronutrients_id) values(20, "Jakieś śniadanie x", "opis tego 2. śniadania", "Breakfast", 4);
insert into Dishes(id, name, description, meal_time, macronutrients_id) values(21, "Jakieś śniadanie z", "opis tego śniadania", "Breakfast", 1);
insert into Dishes(id, name, description, meal_time, macronutrients_id) values(22, "Jakieś śniadanie test 2", "opis tego śniadania", "Breakfast", 1);
insert into Dishes(id, name, description, meal_time, macronutrients_id) values(23, "Jakieś śniadanie test", "opis tego 3. śniadania", "Breakfast", 6);
insert into Dishes(id, name, description, meal_time, macronutrients_id) values(24, "Jakiś obiad test", "opis obiadu", "Dinner", 2);
insert into Dishes(id, name, description, meal_time, macronutrients_id) values(25, "Jakiś obiad z", "opis 2. obiadu", "Dinner", 8);
insert into Dishes(id, name, description, meal_time, macronutrients_id) values(26, "Jakiś obiad x", "opis 3. obiadu", "Dinner", 5);
insert into Dishes(id, name, description, meal_time, macronutrients_id) values(27, "Jakaś kolacja h", "opis kolacji", "Supper", 9);
insert into Dishes(id, name, description, meal_time, macronutrients_id) values(28, "Jakaś kolacja z", "opis 2. kolacji", "Supper", 7);
insert into Dishes(id, name, description, meal_time, macronutrients_id) values(29, "Jakaś  kolacja x", "opis 3. kolacji", "Supper", 3);
insert into Dishes(id, name, description, meal_time, macronutrients_id) values(30, "Jakieś śniadanie I", "opis tego śniadania", "Breakfast", 1);
insert into Dishes(id, name, description, meal_time, macronutrients_id) values(31, "Jakieś śniadanie II", "opis tego 2. śniadania", "Breakfast", 4);
insert into Dishes(id, name, description, meal_time, macronutrients_id) values(32, "Jakieś śniadanie III", "opis tego śniadania", "Breakfast", 1);
insert into Dishes(id, name, description, meal_time, macronutrients_id) values(33, "Jakieś śniadanie IV", "opis tego 3. śniadania", "Breakfast", 6);
insert into Dishes(id, name, description, meal_time, macronutrients_id) values(34, "Jakiś obiad I", "opis obiadu", "Dinner", 2);
insert into Dishes(id, name, description, meal_time, macronutrients_id) values(35, "Jakiś obiad II", "opis 2. obiadu", "Dinner", 8);
insert into Dishes(id, name, description, meal_time, macronutrients_id) values(36, "Jakiś obiad III", "opis 3. obiadu", "Dinner", 5);
insert into Dishes(id, name, description, meal_time, macronutrients_id) values(37, "Jakaś kolacja I", "opis kolacji", "Supper", 9);
insert into Dishes(id, name, description, meal_time, macronutrients_id) values(38, "Jakaś kolacja II", "opis 2. kolacji", "Supper", 7);
insert into Dishes(id, name, description, meal_time, macronutrients_id) values(39, "Jakaś  kolacja III", "opis 3. kolacji", "Supper", 3);

insert into Ingredients(id, name) values(1, "Pietruszka");
insert into Ingredients(id, name) values(2, "Marchewka");
insert into Ingredients(id, name) values(3, "Pieprz");
insert into Ingredients(id, name) values(4, "Czosnek");
insert into Ingredients(id, name) values(5, "Cebula");
insert into Ingredients(id, name) values(6, "Mięso wołowe");
insert into Ingredients(id, name) values(7, "Sól");
insert into Ingredients(id, name, macronutrients_id) values(8, "Czekolada", 2);

insert into Diets(id, name, calories) values(1, "Wegetariańska", 1400);
insert into Diets(id, name, calories) values(2, "Wegetariańska", 1600);
insert into Diets(id, name, calories) values(3, "Wegetariańska", 1800);
insert into Diets(id, name, calories) values(4, "Wegetariańska", 2000);
insert into Diets(id, name, calories) values(5, "Zwykła", 1400);
insert into Diets(id, name, calories) values(6, "Zwykła", 1600);
insert into Diets(id, name, calories) values(7, "Zwykła", 1800);
insert into Diets(id, name, calories) values(8, "Zwykła", 2000);

insert into Recipes(dish_id, ingredients_id) values(1, 1);
insert into Recipes(dish_id, ingredients_id) values(1, 2);
insert into Recipes(dish_id, ingredients_id) values(1, 3);
insert into Recipes(dish_id, ingredients_id) values(1, 4);
insert into Recipes(dish_id, ingredients_id) values(1, 5);
insert into Recipes(dish_id, ingredients_id) values(1, 6);
insert into Recipes(dish_id, ingredients_id) values(1, 7);

insert into Recipes(dish_id, ingredients_id) values(2, 1);
insert into Recipes(dish_id, ingredients_id) values(2, 2);
insert into Recipes(dish_id, ingredients_id) values(2, 4);
insert into Recipes(dish_id, ingredients_id) values(2, 7);

insert into Recipes(dish_id, ingredients_id) values(3, 4);
insert into Recipes(dish_id, ingredients_id) values(3, 5);
insert into Recipes(dish_id, ingredients_id) values(3, 6);
insert into Recipes(dish_id, ingredients_id) values(3, 7);

insert into Recipes(dish_id, ingredients_id) values(4, 1);
insert into Recipes(dish_id, ingredients_id) values(4, 2);
insert into Recipes(dish_id, ingredients_id) values(4, 3);
insert into Recipes(dish_id, ingredients_id) values(4, 7);

insert into Recipes(dish_id, ingredients_id) values(5, 2);
insert into Recipes(dish_id, ingredients_id) values(5, 3);
insert into Recipes(dish_id, ingredients_id) values(5, 4);
insert into Recipes(dish_id, ingredients_id) values(5, 5);

insert into Recipes(dish_id, ingredients_id) values(6, 1);
insert into Recipes(dish_id, ingredients_id) values(6, 3);
insert into Recipes(dish_id, ingredients_id) values(6, 5);
insert into Recipes(dish_id, ingredients_id) values(6, 7);

insert into Recipes(dish_id, ingredients_id) values(7, 2);
insert into Recipes(dish_id, ingredients_id) values(7, 3);
insert into Recipes(dish_id, ingredients_id) values(7, 4);
insert into Recipes(dish_id, ingredients_id) values(7, 7);

insert into Recipes(dish_id, ingredients_id) values(8, 1);
insert into Recipes(dish_id, ingredients_id) values(8, 2);
insert into Recipes(dish_id, ingredients_id) values(8, 4);
insert into Recipes(dish_id, ingredients_id) values(8, 6);

insert into Diet_has_dishes(diet_id, dish_id) values(1, 1);
insert into Diet_has_dishes(diet_id, dish_id) values(1, 2);
insert into Diet_has_dishes(diet_id, dish_id) values(1, 3);
insert into Diet_has_dishes(diet_id, dish_id) values(1, 4);
insert into Diet_has_dishes(diet_id, dish_id) values(1, 5);
insert into Diet_has_dishes(diet_id, dish_id) values(1, 6);
insert into Diet_has_dishes(diet_id, dish_id) values(1, 7);
insert into Diet_has_dishes(diet_id, dish_id) values(1, 8);
insert into Diet_has_dishes(diet_id, dish_id) values(1, 9);
insert into Diet_has_dishes(diet_id, dish_id) values(1, 10);
insert into Diet_has_dishes(diet_id, dish_id) values(1, 11);
insert into Diet_has_dishes(diet_id, dish_id) values(1, 12);
insert into Diet_has_dishes(diet_id, dish_id) values(1, 13);
insert into Diet_has_dishes(diet_id, dish_id) values(1, 14);
insert into Diet_has_dishes(diet_id, dish_id) values(1, 15);
insert into Diet_has_dishes(diet_id, dish_id) values(1, 16);
insert into Diet_has_dishes(diet_id, dish_id) values(1, 17);
insert into Diet_has_dishes(diet_id, dish_id) values(1, 18);
insert into Diet_has_dishes(diet_id, dish_id) values(1, 19);
insert into Diet_has_dishes(diet_id, dish_id) values(1, 20);
insert into Diet_has_dishes(diet_id, dish_id) values(1, 21);
insert into Diet_has_dishes(diet_id, dish_id) values(1, 22);
insert into Diet_has_dishes(diet_id, dish_id) values(1, 23);
insert into Diet_has_dishes(diet_id, dish_id) values(1, 24);
insert into Diet_has_dishes(diet_id, dish_id) values(1, 25);
insert into Diet_has_dishes(diet_id, dish_id) values(1, 26);
insert into Diet_has_dishes(diet_id, dish_id) values(1, 27);
insert into Diet_has_dishes(diet_id, dish_id) values(1, 28);
insert into Diet_has_dishes(diet_id, dish_id) values(1, 29);
insert into Diet_has_dishes(diet_id, dish_id) values(1, 30);
insert into Diet_has_dishes(diet_id, dish_id) values(1, 31);
insert into Diet_has_dishes(diet_id, dish_id) values(1, 32);
insert into Diet_has_dishes(diet_id, dish_id) values(1, 33);
insert into Diet_has_dishes(diet_id, dish_id) values(1, 34);
insert into Diet_has_dishes(diet_id, dish_id) values(1, 35);
insert into Diet_has_dishes(diet_id, dish_id) values(1, 36);
insert into Diet_has_dishes(diet_id, dish_id) values(1, 37);
insert into Diet_has_dishes(diet_id, dish_id) values(1, 38);
insert into Diet_has_dishes(diet_id, dish_id) values(1, 39);

insert into Diet_has_dishes(diet_id, dish_id) values(2, 1);
insert into Diet_has_dishes(diet_id, dish_id) values(2, 2);
insert into Diet_has_dishes(diet_id, dish_id) values(2, 3);
insert into Diet_has_dishes(diet_id, dish_id) values(2, 4);
insert into Diet_has_dishes(diet_id, dish_id) values(2, 5);
insert into Diet_has_dishes(diet_id, dish_id) values(2, 6);
insert into Diet_has_dishes(diet_id, dish_id) values(2, 7);
insert into Diet_has_dishes(diet_id, dish_id) values(2, 8);
insert into Diet_has_dishes(diet_id, dish_id) values(2, 9);
insert into Diet_has_dishes(diet_id, dish_id) values(2, 10);
insert into Diet_has_dishes(diet_id, dish_id) values(2, 11);
insert into Diet_has_dishes(diet_id, dish_id) values(2, 12);
insert into Diet_has_dishes(diet_id, dish_id) values(2, 13);
insert into Diet_has_dishes(diet_id, dish_id) values(2, 14);
insert into Diet_has_dishes(diet_id, dish_id) values(2, 15);
insert into Diet_has_dishes(diet_id, dish_id) values(2, 16);
insert into Diet_has_dishes(diet_id, dish_id) values(2, 17);
insert into Diet_has_dishes(diet_id, dish_id) values(2, 18);
insert into Diet_has_dishes(diet_id, dish_id) values(2, 19);
insert into Diet_has_dishes(diet_id, dish_id) values(2, 20);
insert into Diet_has_dishes(diet_id, dish_id) values(2, 21);
insert into Diet_has_dishes(diet_id, dish_id) values(2, 22);
insert into Diet_has_dishes(diet_id, dish_id) values(2, 23);
insert into Diet_has_dishes(diet_id, dish_id) values(2, 24);
insert into Diet_has_dishes(diet_id, dish_id) values(2, 25);
insert into Diet_has_dishes(diet_id, dish_id) values(2, 26);
insert into Diet_has_dishes(diet_id, dish_id) values(2, 27);
insert into Diet_has_dishes(diet_id, dish_id) values(2, 28);
insert into Diet_has_dishes(diet_id, dish_id) values(2, 29);
insert into Diet_has_dishes(diet_id, dish_id) values(2, 30);
insert into Diet_has_dishes(diet_id, dish_id) values(2, 31);
insert into Diet_has_dishes(diet_id, dish_id) values(2, 32);
insert into Diet_has_dishes(diet_id, dish_id) values(2, 33);
insert into Diet_has_dishes(diet_id, dish_id) values(2, 34);
insert into Diet_has_dishes(diet_id, dish_id) values(2, 35);
insert into Diet_has_dishes(diet_id, dish_id) values(2, 36);
insert into Diet_has_dishes(diet_id, dish_id) values(2, 37);
insert into Diet_has_dishes(diet_id, dish_id) values(2, 38);
insert into Diet_has_dishes(diet_id, dish_id) values(2, 39);

insert into Diet_has_dishes(diet_id, dish_id) values(3, 1);
insert into Diet_has_dishes(diet_id, dish_id) values(3, 2);
insert into Diet_has_dishes(diet_id, dish_id) values(3, 3);
insert into Diet_has_dishes(diet_id, dish_id) values(3, 4);
insert into Diet_has_dishes(diet_id, dish_id) values(3, 5);
insert into Diet_has_dishes(diet_id, dish_id) values(3, 6);
insert into Diet_has_dishes(diet_id, dish_id) values(3, 7);
insert into Diet_has_dishes(diet_id, dish_id) values(3, 8);
insert into Diet_has_dishes(diet_id, dish_id) values(3, 9);
insert into Diet_has_dishes(diet_id, dish_id) values(3, 10);
insert into Diet_has_dishes(diet_id, dish_id) values(3, 11);
insert into Diet_has_dishes(diet_id, dish_id) values(3, 12);
insert into Diet_has_dishes(diet_id, dish_id) values(3, 13);
insert into Diet_has_dishes(diet_id, dish_id) values(3, 14);
insert into Diet_has_dishes(diet_id, dish_id) values(3, 15);
insert into Diet_has_dishes(diet_id, dish_id) values(3, 16);
insert into Diet_has_dishes(diet_id, dish_id) values(3, 17);
insert into Diet_has_dishes(diet_id, dish_id) values(3, 18);
insert into Diet_has_dishes(diet_id, dish_id) values(3, 19);
insert into Diet_has_dishes(diet_id, dish_id) values(3, 20);
insert into Diet_has_dishes(diet_id, dish_id) values(3, 21);
insert into Diet_has_dishes(diet_id, dish_id) values(3, 22);
insert into Diet_has_dishes(diet_id, dish_id) values(3, 23);
insert into Diet_has_dishes(diet_id, dish_id) values(3, 24);
insert into Diet_has_dishes(diet_id, dish_id) values(3, 25);
insert into Diet_has_dishes(diet_id, dish_id) values(3, 26);
insert into Diet_has_dishes(diet_id, dish_id) values(3, 27);
insert into Diet_has_dishes(diet_id, dish_id) values(3, 28);
insert into Diet_has_dishes(diet_id, dish_id) values(3, 29);
insert into Diet_has_dishes(diet_id, dish_id) values(3, 30);
insert into Diet_has_dishes(diet_id, dish_id) values(3, 31);
insert into Diet_has_dishes(diet_id, dish_id) values(3, 32);
insert into Diet_has_dishes(diet_id, dish_id) values(3, 33);
insert into Diet_has_dishes(diet_id, dish_id) values(3, 34);
insert into Diet_has_dishes(diet_id, dish_id) values(3, 35);
insert into Diet_has_dishes(diet_id, dish_id) values(3, 36);
insert into Diet_has_dishes(diet_id, dish_id) values(3, 37);
insert into Diet_has_dishes(diet_id, dish_id) values(3, 38);
insert into Diet_has_dishes(diet_id, dish_id) values(3, 39);

insert into Diet_has_dishes(diet_id, dish_id) values(4, 1);
insert into Diet_has_dishes(diet_id, dish_id) values(4, 2);
insert into Diet_has_dishes(diet_id, dish_id) values(4, 3);
insert into Diet_has_dishes(diet_id, dish_id) values(4, 4);
insert into Diet_has_dishes(diet_id, dish_id) values(4, 5);
insert into Diet_has_dishes(diet_id, dish_id) values(4, 6);
insert into Diet_has_dishes(diet_id, dish_id) values(4, 7);
insert into Diet_has_dishes(diet_id, dish_id) values(4, 8);
insert into Diet_has_dishes(diet_id, dish_id) values(4, 9);
insert into Diet_has_dishes(diet_id, dish_id) values(4, 10);
insert into Diet_has_dishes(diet_id, dish_id) values(4, 11);
insert into Diet_has_dishes(diet_id, dish_id) values(4, 12);
insert into Diet_has_dishes(diet_id, dish_id) values(4, 13);
insert into Diet_has_dishes(diet_id, dish_id) values(4, 14);
insert into Diet_has_dishes(diet_id, dish_id) values(4, 15);
insert into Diet_has_dishes(diet_id, dish_id) values(4, 16);
insert into Diet_has_dishes(diet_id, dish_id) values(4, 17);
insert into Diet_has_dishes(diet_id, dish_id) values(4, 18);
insert into Diet_has_dishes(diet_id, dish_id) values(4, 19);
insert into Diet_has_dishes(diet_id, dish_id) values(4, 20);
insert into Diet_has_dishes(diet_id, dish_id) values(4, 21);
insert into Diet_has_dishes(diet_id, dish_id) values(4, 22);
insert into Diet_has_dishes(diet_id, dish_id) values(4, 23);
insert into Diet_has_dishes(diet_id, dish_id) values(4, 24);
insert into Diet_has_dishes(diet_id, dish_id) values(4, 25);
insert into Diet_has_dishes(diet_id, dish_id) values(4, 26);
insert into Diet_has_dishes(diet_id, dish_id) values(4, 27);
insert into Diet_has_dishes(diet_id, dish_id) values(4, 28);
insert into Diet_has_dishes(diet_id, dish_id) values(4, 29);
insert into Diet_has_dishes(diet_id, dish_id) values(4, 30);
insert into Diet_has_dishes(diet_id, dish_id) values(4, 31);
insert into Diet_has_dishes(diet_id, dish_id) values(4, 32);
insert into Diet_has_dishes(diet_id, dish_id) values(4, 33);
insert into Diet_has_dishes(diet_id, dish_id) values(4, 34);
insert into Diet_has_dishes(diet_id, dish_id) values(4, 35);
insert into Diet_has_dishes(diet_id, dish_id) values(4, 36);
insert into Diet_has_dishes(diet_id, dish_id) values(4, 37);
insert into Diet_has_dishes(diet_id, dish_id) values(4, 38);
insert into Diet_has_dishes(diet_id, dish_id) values(4, 39);

insert into Diet_has_dishes(diet_id, dish_id) values(5, 1);
insert into Diet_has_dishes(diet_id, dish_id) values(5, 2);
insert into Diet_has_dishes(diet_id, dish_id) values(5, 3);
insert into Diet_has_dishes(diet_id, dish_id) values(5, 4);
insert into Diet_has_dishes(diet_id, dish_id) values(5, 5);
insert into Diet_has_dishes(diet_id, dish_id) values(5, 6);
insert into Diet_has_dishes(diet_id, dish_id) values(5, 7);
insert into Diet_has_dishes(diet_id, dish_id) values(5, 8);
insert into Diet_has_dishes(diet_id, dish_id) values(5, 9);
insert into Diet_has_dishes(diet_id, dish_id) values(5, 10);
insert into Diet_has_dishes(diet_id, dish_id) values(5, 11);
insert into Diet_has_dishes(diet_id, dish_id) values(5, 12);
insert into Diet_has_dishes(diet_id, dish_id) values(5, 13);
insert into Diet_has_dishes(diet_id, dish_id) values(5, 14);
insert into Diet_has_dishes(diet_id, dish_id) values(5, 15);
insert into Diet_has_dishes(diet_id, dish_id) values(5, 16);
insert into Diet_has_dishes(diet_id, dish_id) values(5, 17);
insert into Diet_has_dishes(diet_id, dish_id) values(5, 18);
insert into Diet_has_dishes(diet_id, dish_id) values(5, 19);
insert into Diet_has_dishes(diet_id, dish_id) values(5, 20);
insert into Diet_has_dishes(diet_id, dish_id) values(5, 21);
insert into Diet_has_dishes(diet_id, dish_id) values(5, 22);
insert into Diet_has_dishes(diet_id, dish_id) values(5, 23);
insert into Diet_has_dishes(diet_id, dish_id) values(5, 24);
insert into Diet_has_dishes(diet_id, dish_id) values(5, 25);
insert into Diet_has_dishes(diet_id, dish_id) values(5, 26);
insert into Diet_has_dishes(diet_id, dish_id) values(5, 27);
insert into Diet_has_dishes(diet_id, dish_id) values(5, 28);
insert into Diet_has_dishes(diet_id, dish_id) values(5, 29);
insert into Diet_has_dishes(diet_id, dish_id) values(5, 30);
insert into Diet_has_dishes(diet_id, dish_id) values(5, 31);
insert into Diet_has_dishes(diet_id, dish_id) values(5, 32);
insert into Diet_has_dishes(diet_id, dish_id) values(5, 33);
insert into Diet_has_dishes(diet_id, dish_id) values(5, 34);
insert into Diet_has_dishes(diet_id, dish_id) values(5, 35);
insert into Diet_has_dishes(diet_id, dish_id) values(5, 36);
insert into Diet_has_dishes(diet_id, dish_id) values(5, 37);
insert into Diet_has_dishes(diet_id, dish_id) values(5, 38);
insert into Diet_has_dishes(diet_id, dish_id) values(5, 39);

insert into Diet_has_dishes(diet_id, dish_id) values(6, 1);
insert into Diet_has_dishes(diet_id, dish_id) values(6, 2);
insert into Diet_has_dishes(diet_id, dish_id) values(6, 3);
insert into Diet_has_dishes(diet_id, dish_id) values(6, 4);
insert into Diet_has_dishes(diet_id, dish_id) values(6, 5);
insert into Diet_has_dishes(diet_id, dish_id) values(6, 6);
insert into Diet_has_dishes(diet_id, dish_id) values(6, 7);
insert into Diet_has_dishes(diet_id, dish_id) values(6, 8);
insert into Diet_has_dishes(diet_id, dish_id) values(6, 9);
insert into Diet_has_dishes(diet_id, dish_id) values(6, 10);
insert into Diet_has_dishes(diet_id, dish_id) values(6, 11);
insert into Diet_has_dishes(diet_id, dish_id) values(6, 12);
insert into Diet_has_dishes(diet_id, dish_id) values(6, 13);
insert into Diet_has_dishes(diet_id, dish_id) values(6, 14);
insert into Diet_has_dishes(diet_id, dish_id) values(6, 15);
insert into Diet_has_dishes(diet_id, dish_id) values(6, 16);
insert into Diet_has_dishes(diet_id, dish_id) values(6, 17);
insert into Diet_has_dishes(diet_id, dish_id) values(6, 18);
insert into Diet_has_dishes(diet_id, dish_id) values(6, 19);
insert into Diet_has_dishes(diet_id, dish_id) values(6, 20);
insert into Diet_has_dishes(diet_id, dish_id) values(6, 21);
insert into Diet_has_dishes(diet_id, dish_id) values(6, 22);
insert into Diet_has_dishes(diet_id, dish_id) values(6, 23);
insert into Diet_has_dishes(diet_id, dish_id) values(6, 24);
insert into Diet_has_dishes(diet_id, dish_id) values(6, 25);
insert into Diet_has_dishes(diet_id, dish_id) values(6, 26);
insert into Diet_has_dishes(diet_id, dish_id) values(6, 27);
insert into Diet_has_dishes(diet_id, dish_id) values(6, 28);
insert into Diet_has_dishes(diet_id, dish_id) values(6, 29);
insert into Diet_has_dishes(diet_id, dish_id) values(6, 13);
insert into Diet_has_dishes(diet_id, dish_id) values(6, 31);
insert into Diet_has_dishes(diet_id, dish_id) values(6, 32);
insert into Diet_has_dishes(diet_id, dish_id) values(6, 33);
insert into Diet_has_dishes(diet_id, dish_id) values(6, 34);
insert into Diet_has_dishes(diet_id, dish_id) values(6, 35);
insert into Diet_has_dishes(diet_id, dish_id) values(6, 36);
insert into Diet_has_dishes(diet_id, dish_id) values(6, 37);
insert into Diet_has_dishes(diet_id, dish_id) values(6, 38);
insert into Diet_has_dishes(diet_id, dish_id) values(6, 39);

insert into Diet_has_dishes(diet_id, dish_id) values(7, 1);
insert into Diet_has_dishes(diet_id, dish_id) values(7, 2);
insert into Diet_has_dishes(diet_id, dish_id) values(7, 3);
insert into Diet_has_dishes(diet_id, dish_id) values(7, 4);
insert into Diet_has_dishes(diet_id, dish_id) values(7, 5);
insert into Diet_has_dishes(diet_id, dish_id) values(7, 6);
insert into Diet_has_dishes(diet_id, dish_id) values(7, 7);
insert into Diet_has_dishes(diet_id, dish_id) values(7, 8);
insert into Diet_has_dishes(diet_id, dish_id) values(7, 9);
insert into Diet_has_dishes(diet_id, dish_id) values(7, 10);
insert into Diet_has_dishes(diet_id, dish_id) values(7, 11);
insert into Diet_has_dishes(diet_id, dish_id) values(7, 12);
insert into Diet_has_dishes(diet_id, dish_id) values(7, 13);
insert into Diet_has_dishes(diet_id, dish_id) values(7, 14);
insert into Diet_has_dishes(diet_id, dish_id) values(7, 15);
insert into Diet_has_dishes(diet_id, dish_id) values(7, 16);
insert into Diet_has_dishes(diet_id, dish_id) values(7, 17);
insert into Diet_has_dishes(diet_id, dish_id) values(7, 18);
insert into Diet_has_dishes(diet_id, dish_id) values(7, 19);
insert into Diet_has_dishes(diet_id, dish_id) values(7, 20);
insert into Diet_has_dishes(diet_id, dish_id) values(7, 21);
insert into Diet_has_dishes(diet_id, dish_id) values(7, 22);
insert into Diet_has_dishes(diet_id, dish_id) values(7, 23);
insert into Diet_has_dishes(diet_id, dish_id) values(7, 24);
insert into Diet_has_dishes(diet_id, dish_id) values(7, 25);
insert into Diet_has_dishes(diet_id, dish_id) values(7, 26);
insert into Diet_has_dishes(diet_id, dish_id) values(7, 27);
insert into Diet_has_dishes(diet_id, dish_id) values(7, 28);
insert into Diet_has_dishes(diet_id, dish_id) values(7, 29);
insert into Diet_has_dishes(diet_id, dish_id) values(7, 30);
insert into Diet_has_dishes(diet_id, dish_id) values(7, 31);
insert into Diet_has_dishes(diet_id, dish_id) values(7, 32);
insert into Diet_has_dishes(diet_id, dish_id) values(7, 33);
insert into Diet_has_dishes(diet_id, dish_id) values(7, 34);
insert into Diet_has_dishes(diet_id, dish_id) values(7, 35);
insert into Diet_has_dishes(diet_id, dish_id) values(7, 36);
insert into Diet_has_dishes(diet_id, dish_id) values(7, 37);
insert into Diet_has_dishes(diet_id, dish_id) values(7, 38);
insert into Diet_has_dishes(diet_id, dish_id) values(7, 39);

insert into Diet_has_dishes(diet_id, dish_id) values(8, 1);
insert into Diet_has_dishes(diet_id, dish_id) values(8, 2);
insert into Diet_has_dishes(diet_id, dish_id) values(8, 3);
insert into Diet_has_dishes(diet_id, dish_id) values(8, 4);
insert into Diet_has_dishes(diet_id, dish_id) values(8, 5);
insert into Diet_has_dishes(diet_id, dish_id) values(8, 6);
insert into Diet_has_dishes(diet_id, dish_id) values(8, 7);
insert into Diet_has_dishes(diet_id, dish_id) values(8, 8);
insert into Diet_has_dishes(diet_id, dish_id) values(8, 9);
insert into Diet_has_dishes(diet_id, dish_id) values(8, 10);
insert into Diet_has_dishes(diet_id, dish_id) values(8, 11);
insert into Diet_has_dishes(diet_id, dish_id) values(8, 12);
insert into Diet_has_dishes(diet_id, dish_id) values(8, 13);
insert into Diet_has_dishes(diet_id, dish_id) values(8, 14);
insert into Diet_has_dishes(diet_id, dish_id) values(8, 15);
insert into Diet_has_dishes(diet_id, dish_id) values(8, 16);
insert into Diet_has_dishes(diet_id, dish_id) values(8, 17);
insert into Diet_has_dishes(diet_id, dish_id) values(8, 18);
insert into Diet_has_dishes(diet_id, dish_id) values(8, 19);
insert into Diet_has_dishes(diet_id, dish_id) values(8, 20);
insert into Diet_has_dishes(diet_id, dish_id) values(8, 21);
insert into Diet_has_dishes(diet_id, dish_id) values(8, 22);
insert into Diet_has_dishes(diet_id, dish_id) values(8, 23);
insert into Diet_has_dishes(diet_id, dish_id) values(8, 24);
insert into Diet_has_dishes(diet_id, dish_id) values(8, 25);
insert into Diet_has_dishes(diet_id, dish_id) values(8, 26);
insert into Diet_has_dishes(diet_id, dish_id) values(8, 27);
insert into Diet_has_dishes(diet_id, dish_id) values(8, 28);
insert into Diet_has_dishes(diet_id, dish_id) values(8, 29);
insert into Diet_has_dishes(diet_id, dish_id) values(8, 30);
insert into Diet_has_dishes(diet_id, dish_id) values(8, 31);
insert into Diet_has_dishes(diet_id, dish_id) values(8, 32);
insert into Diet_has_dishes(diet_id, dish_id) values(8, 33);
insert into Diet_has_dishes(diet_id, dish_id) values(8, 34);
insert into Diet_has_dishes(diet_id, dish_id) values(8, 35);
insert into Diet_has_dishes(diet_id, dish_id) values(8, 36);
insert into Diet_has_dishes(diet_id, dish_id) values(8, 37);
insert into Diet_has_dishes(diet_id, dish_id) values(8, 38);
insert into Diet_has_dishes(diet_id, dish_id) values(8, 39);